entity_id	business_name	business_address	country
S2-166376419	राम मार्केटिंग प्राइवेट लिमिटेड	KH NO. -570/13, NEW DELHI, WEST DELHI, Delhi	India
S2-764573417	-- Holloway Peak Inc Seafood	105 ELM ST, MORGANTON, NC	US
S2-639257739	आदित्य प्रॉपर्टीज एलएलपी	G-3/571, GULMOHAR COLONY, BHOPAL, Madhya Pradesh	India
S2-163963287	Summit Inc	GREENSBORO, NC, 19 1/2 STARDUST TRAIL	US
S2-49942811	Delta Tetlecommunication Inc	914 PIERPONT AVE, CLEVELAND, OH	US
S2-138046867	Lee and Lawson	1702 Pine Avenue, CITY OF MENOMONIE, WI	US
S2-584977605	SHIVSHAKTI VIDYALAYA VIDYALAYA OVERSEAS CORPORATION | www.shivshakti.com	H.NO 204 C ROAD HOSHIARPUR, PUNJAB, Punjab	India
S2-277444929	Shree Infracon Private Ltd	63/2275/7, ALHIND TOWER, FIRST FLOOR, JAFFERKHAN COLONY, KOZHIKODE, Kerala	India
S2-721031885	Chavira Platinum Chimera LLC	282 SAXONY DRIVE, FTT MITCHELL, KY	US
S2-508602797	FOUNDATION EXCEL AGENCY PRIVATE  LIMITED	HN 753 E-1, BHARAT NAGAR, 104/1/1 ERANDWANE, Maharashtra	India
S2-69394310	heassociates.com	599 PEASE HILL ROAD, HORICON, NY	US
S2-615967906	सन कंस्ट्रक्शंस प्राइवेट लिमिटेड	43 SUKH SAMRUDDHI, Maharashtra, PUNE REGION, PUNE, BUNGALOW NO. 5, S. NO. 5, VIDISHA SOCIETY, KARVE NAGAR	India
S2-684635925	Global Developers Medicals Private Limited	H.NO 008 GOVIND BUILDING OPP.HOTEL VRINDHAVAN AARAY ROAD GOREGAON (EAST), MUMBAI, Maharashtra	India
S2-868087865	ASSET BUILDING COALITION LLC	8219 17RD STREET, LAKE STEVENS, WA	US
S2-795141272	Olszewski Holding Company LLC LLC	218 SHOAL CREEK, WILLIAMSBURG, VA	US
S2-414418413	CANDY'S-SERVICES	313 FOXBOROUGH DRIVE, BRUNSWICK, OH	US
S2-566688803	रियल मॉडर्न फूड लिमिटेड	SHP NO. G-4, PLOT NO. 19, SECTOR 42, NERUL, THANE, NAVI MUMBAI, Maharashtra	India
S2-634015823	Crestline Crestline Clean LP	HIGHWAY 49, ASHLAND CITY, TN	US
S2-378707035	Nion	7100 BRIGHAM ROAD, HENRICO COUNTY, VA	US
S2-953098128	Keystone Odyssey Odyssey LLC	1418 MEADOWBROOK DR, JOHNSON CITY, TN	US
S2-526991413	Jones Royal  Bancshares	61573 FRIENDSHIP LN, CNROE, TX	US
S2-879667609	குளோபல் பிசினஸ் பிரைவேட் லிமிடெட்	#C-21 - S, AMBATTUR, CHENNAI, Tamil Nadu	India
S2-202057528	Altitude Retail	C7 419BONNY BUILDING KATTOOR P O, MALAPPURAM, Kerala	India
S2-763108962	Core Welfare Society LLP	PLOT NO Q-17 KH. NO. 48/19 GROUND FLOOR ONLY, FLOOR BLK-Q RAJEEV EXTN VILLAGE KARALA LANDMARK NEAR, DELHI, Delhi	India
S2-415733261	Sweet Barbershop (Co)	05131 COPPER MEADOW LN, WEST JORDAN CITY, UT	US
S2-294835210	COBALT  (LLC)	NC, CANLER, 110 MEADOWBROOK ACRES	US
S2-944853638	Piedmont Complete Chile  L.L.C.	259 1/2 CAVALIER WAY, BURLINGTON, NC	US
S2-235039028	Empire School of Medicine	0477 MELISSA COURT, GAHANNA, OH	US
S2-783158461	Animal Welfare Nétwork	260 CADILLAC DR, SACRAMENTO, CA	US
S2-669879950	Hail, Harris & Roberts Inc	8 WENTWORTH AVE, STOUGHTON, MA	US
S2-673704658	Behavioral Health Anchor Care	1715-1719 Orchard Blossom Drive, CITY OF APPLETON, WI	US
S2-133664209	Bay Bdc Co	DC, WASHINGTON, 2117 F STREET	US
S2-49714549	CLASSIC [TECHNOLOGIES]	Rajasthan, HN G-103 113, VRINDAVAN VIHAR, DCM, AJMER ROAD, JAIPUR	India
S2-401480583	Division of Sanitation	IN, 2178 WILLOW LANE, PERU	US
S2-54307441	LLC METRO COALTIMN	SAVORY LANE, FELTON, DE	US
S2-91305348	Swastik Impex Private Ltd	8-2-595/3/8A-8B, EDEN GARDENS, ROAD NO.10, KHAIRATABAD, Telangana	India
S2-73037424	Eye Valley Medicine Incorporated	39 MAIN STREET, SAVONA, NY	US
S2-332014708	Direct Acadia Inc	CURTIS STREET, TOLEDO, OH	US
S2-40574852	TATAA BEST AGRICULTURE	1225  GUMWOOD DRIVE, OH, PLEASANT TWP	US
S2-836840386	[INCORPORATED] PEAK TRADIN6 NETWORKS SOUTHSIDE	2062  SMITH HOLLOW RD, BLAINE, TN	US
S2-208005980	Solstice LLC	303 MCCORD ROAD, ROUNDUP, MT	US
S2-978126813	Private Ambernath Sólar Limited	PLOT NO B-78/1, ADDITIONAL MIDC ANAND NAGAR, AMBERNATH EAST, THANE, महाराष्ट्र	India
S2-257885603	Apex Preferred Strategy  Inc	2467 EDDINS ROAD, DOTHAN, AL	US
S2-428899461	Roopant Pvt Ltd Partners	HN 247 A/109, MINI MARKET CO-OP. HSG. SOCIETY LTD., FIRST FLOOR, B. P. ROAD, BHAYANDER (E), THANE, Maharashtra	India
S2-125007797	Doolittle, Hasvey and Hardy	2017 COBBLESTONE DRIVE, COLOGNE, MN	US
S2-647437327	G-P Starkey Motor	7336 MAITLAND LN, CHARLOTTE, NC	US
S2-838526909	Highland Arc Inc.	WA, FEDERAL WAY, ##2326 341ND PLACE	US
S2-912941112	JEN ELWOOD ART5 CENTER	145 CR 2729, MICO CCDP, TX	US
S2-511731036	Vantageavigild	067 PRODUCTION CT, NULL, INDEPENDENCE, KY	US
S2-653150968	prprivate.com	ROYAL ARCHID SECOND FLOR, GITGUJARI 4/8 CORNER, RAJKOT, Gujarat	India
